pubmed_id	type	identifier	offset	end
2289422	Compound	DB00126	514	527
2289422	Compound	DB09541	514	527
2289422	Compound	DB00755	1544	1557
2289424	Compound	DB00145	590	606
2289424	Compound	DB00145	1155	1162
2289424	Compound	DB00145	1679	1695
2289425	Gene	7531	297	301
2289426	Compound	DB09152	262	263
2289427	Gene	1877	543	546
2289428	Gene	838	634	667
2289428	Gene	496	681	691
2289428	Gene	3054	1095	1101
2289428	Gene	3054	1417	1423
2289429	Disease	DOID:2531	450	457
2289434	Gene	3054	63	69
2289434	Gene	3054	471	477
2289434	Gene	3054	517	523
2289434	Gene	3054	611	617
2289434	Gene	3054	713	719
2289434	Gene	838	821	827
2289434	Gene	838	933	939
2289434	Gene	3054	1008	1014
2289434	Gene	3054	1029	1035
2289434	Gene	22999	1075	1090
2289434	Disease	DOID:1909	1237	1245
2289434	Gene	3054	1401	1407
2289434	Gene	3054	1419	1425
2289434	Gene	3054	1591	1597
2289434	Gene	3054	1790	1796
2289434	Gene	22999	2082	2097
2289434	Gene	3054	2157	2163
2289434	Gene	3054	2240	2246
2289436	Gene	540	0	31
2289436	Gene	540	449	480
2289436	Gene	540	482	490
2289436	Gene	540	1563	1571
2289437	Gene	1876	14	38
2289437	Gene	1876	130	154
2289437	Gene	1876	156	159
2289437	Compound	DB00624	205	217
2289437	Gene	1876	386	389
2289437	Gene	1876	488	491
2289437	Gene	1877	627	639
2289437	Gene	1877	712	724
2289437	Gene	1877	833	845
2289437	Gene	1876	1004	1007
2289437	Gene	1876	1204	1207
2289440	Gene	55829	281	300
2289440	Gene	55829	302	305
2289440	Gene	55829	416	419
2289440	Gene	55829	496	499
2289440	Gene	55829	660	663
2289440	Gene	55829	859	862
2289440	Gene	1545	907	913
2289440	Gene	1545	1255	1261
2289440	Gene	55829	1439	1442
2289440	Gene	1545	1512	1518
2289440	Gene	55829	1648	1651
2289440	Gene	1545	1671	1678
2289441	Compound	DB09152	264	265
2289441	Gene	3908	889	892
2289443	Gene	55643	62	75
2289443	Gene	55643	278	281
2289443	Gene	55643	361	364
2289443	Gene	55643	585	588
2289443	Gene	55643	769	772
2289443	Gene	55643	857	860
2289443	Gene	55643	906	909
2289443	Gene	55643	1175	1178
2289445	Gene	8829	95	121
2289445	Gene	8829	293	345
2289445	Gene	8829	406	409
2289445	Gene	8829	527	530
2289445	Gene	8829	1041	1044
2289445	Gene	539	1180	1185
2289445	Gene	8829	1438	1441
2289446	Compound	DB03106	774	803
2289446	Gene	4580	999	1004
2289447	Compound	DB00171	603	606
2289447	Compound	DB00640	603	606
2289447	Gene	2591	820	836
2289449	Compound	DB00974	852	856
2289449	Compound	DB09153	870	874
2289449	Gene	22999	957	972
2289449	Gene	22999	1079	1094
2289449	Gene	22999	1176	1191
2289450	Gene	4502	58	99
2289450	Gene	4502	101	104
2289450	Gene	4502	201	204
2289450	Gene	4502	329	332
2289450	Gene	4502	433	436
2289450	Gene	4502	527	530
2289450	Compound	DB00171	1073	1076
2289450	Compound	DB00640	1073	1076
2289450	Gene	4502	1185	1188
2289451	Compound	DB00171	1235	1238
2289451	Compound	DB00640	1235	1238
2289452	Compound	DB00171	823	826
2289452	Compound	DB00640	823	826
2289452	Compound	DB00171	861	864
2289452	Compound	DB00640	861	864
2289452	Compound	DB00171	975	978
2289452	Compound	DB00640	975	978
2289453	Compound	DB00151	647	656
2289453	Compound	DB09485	647	656
2289453	Compound	DB00928	1553	1564
2289453	Gene	1850	1586	1590
2289453	Gene	22999	1685	1700
2289454	Gene	539	432	442
2289454	Gene	539	444	473
2289454	Gene	539	475	482
2289454	Gene	389	486	496
2289454	Gene	389	498	539
2289454	Gene	389	541	547
2289454	Gene	2260	555	565
2289454	Gene	2260	567	574
2289454	Gene	539	759	769
2289454	Gene	539	1061	1072
2289454	Gene	539	1286	1296
2289457	Gene	173	49	56
2289457	Compound	DB09341	69	76
2289457	Compound	DB11280	69	76
2289457	Compound	DB09341	164	171
2289457	Compound	DB11280	164	171
2289457	Gene	173	216	223
2289457	Compound	DB09341	235	242
2289457	Compound	DB11280	235	242
2289457	Gene	173	254	261
2289457	Compound	DB09341	272	279
2289457	Compound	DB11280	272	279
2289457	Gene	173	500	507
2289457	Compound	DB09341	649	656
2289457	Compound	DB11280	649	656
2289462	Compound	DB00541	1918	1929
2289465	Gene	3908	0	3
2289465	Compound	DB03128	60	73
2289465	Gene	3908	168	198
2289465	Gene	3908	200	203
2289465	Compound	DB03128	252	265
2289465	Gene	3908	416	419
2289465	Gene	3908	571	574
2289465	Gene	3908	871	874
2289465	Gene	3908	892	895
2289465	Gene	3908	1046	1049
2289465	Gene	3908	1254	1257
2289465	Gene	3908	1331	1334
2289473	Gene	1876	184	203
2289473	Gene	1876	205	208
2289473	Gene	1876	559	562
2289473	Gene	1876	785	788
2289473	Gene	1876	835	838
2289473	Gene	4487	1059	1063
2289473	Gene	2538	1068	1076
2289474	Disease	DOID:2994	424	443
2289474	Compound	DB00974	630	634
2289474	Compound	DB00974	1133	1137
2289480	Compound	DB00171	1241	1244
2289480	Compound	DB00640	1241	1244
2289484	Gene	7594	4	12
2289484	Gene	55553	24	37
2289484	Gene	7594	1101	1109
2289484	Gene	55553	1139	1152
2289484	Gene	55553	1156	1169
2289484	Gene	55553	1323	1336
2289484	Gene	55553	1474	1487
2289489	Gene	3772	757	767
2289489	Gene	3772	926	936
2289490	Gene	7594	720	728
2289490	Gene	7594	1457	1465
2289491	Gene	23480	44	50
2289491	Gene	23480	250	256
2289491	Gene	23480	335	341
2289491	Gene	23480	379	385
2289491	Gene	23480	468	474
2289491	Gene	23480	588	594
2289491	Gene	23480	651	657
2289491	Gene	23480	985	991
2289491	Gene	23480	1109	1115
2289491	Compound	DB00171	1152	1155
2289491	Compound	DB00640	1152	1155
2289491	Compound	DB00171	1271	1276
2289491	Compound	DB00640	1271	1276
2289491	Gene	23480	1306	1312
2289491	Gene	23480	1362	1368
2289491	Compound	DB00171	1398	1403
2289491	Compound	DB00640	1398	1403
2289491	Gene	23480	1455	1461
2289491	Gene	23480	1646	1652
2289491	Gene	23480	1698	1704
2289492	Compound	DB09341	21	28
2289492	Compound	DB11280	21	28
2289492	Compound	DB00171	116	119
2289492	Compound	DB00640	116	119
2289492	Gene	173	120	127
2289492	Gene	173	192	199
2289492	Compound	DB09341	231	238
2289492	Compound	DB11280	231	238
2289492	Gene	173	589	596
2289492	Gene	173	832	839
2289492	Gene	173	911	918
2289492	Gene	173	1017	1024
2289492	Gene	173	1070	1077
2289492	Gene	173	1161	1168
2289492	Compound	DB00171	1217	1220
2289492	Compound	DB00640	1217	1220
2289492	Compound	DB00171	1296	1299
2289492	Compound	DB00640	1296	1299
2289492	Compound	DB00171	1385	1388
2289492	Compound	DB00640	1385	1388
2289492	Gene	173	1465	1472
2289492	Compound	DB00171	1529	1532
2289492	Compound	DB00640	1529	1532
2289492	Gene	173	1594	1616
2289492	Compound	DB00171	1691	1694
2289492	Compound	DB00640	1691	1694
2289492	Gene	173	1709	1716
2289492	Gene	173	1868	1890
2289492	Gene	173	2034	2041
2289492	Compound	DB00171	2117	2120
2289492	Compound	DB00640	2117	2120
2289492	Gene	173	2134	2141
2289492	Gene	173	2380	2387
2289495	Compound	DB00171	838	841
2289495	Compound	DB00640	838	841
2289495	Compound	DB00171	1582	1585
2289495	Compound	DB00640	1582	1585
2289496	Gene	22999	46	61
2289496	Gene	22999	149	164
2289498	Gene	328	59	63
2289498	Gene	328	414	418
2289498	Gene	328	560	564
2289498	Gene	328	776	780
2289498	Gene	328	982	986
2289498	Gene	328	1033	1037
2289498	Gene	328	1501	1505
2289498	Gene	328	1652	1656
2289498	Gene	328	1907	1911
2289499	Compound	DB09353	384	385
2289499	Compound	DB00171	464	467
2289499	Compound	DB00640	464	467
2289499	Compound	DB09407	662	667
2289499	Compound	DB09407	937	942
2289499	Compound	DB00171	1296	1299
2289499	Compound	DB00640	1296	1299
2289499	Compound	DB09353	1306	1307
2289500	Compound	DB00608	966	977
2289500	Compound	DB00608	1102	1113
2289501	Disease	DOID:12365	0	19
2289501	Compound	DB01109	574	581
2289501	Disease	DOID:12365	1114	1131
2289501	Compound	DB00686	1160	1180
2289501	Compound	DB01109	1186	1193
2289501	Compound	DB01109	1581	1588
2289503	Disease	DOID:1909	88	96
2289503	Compound	DB01109	137	144
2289503	Gene	2253	214	218
2289503	Disease	DOID:1909	242	250
2289503	Compound	DB01109	319	326
2289503	Disease	DOID:1909	405	413
2289503	Compound	DB01109	466	473
2289503	Disease	DOID:1909	500	508
2289503	Compound	DB01109	670	677
2289503	Disease	DOID:1909	711	719
2289503	Gene	2253	725	729
2289503	Gene	2253	838	842
2289503	Gene	2253	995	999
2289503	Gene	2253	1107	1111
2289503	Disease	DOID:1909	1132	1140
2289503	Gene	2253	1204	1208
2289503	Gene	2253	1325	1329
2289503	Gene	2253	1391	1395
2289503	Gene	2253	1587	1591
2289503	Disease	DOID:1909	1635	1653
2289503	Disease	DOID:1909	1740	1748
2289503	Gene	2253	1762	1766
2289503	Gene	2253	1844	1848
2289503	Gene	2253	1869	1873
2289503	Disease	DOID:1909	1908	1916
2289503	Gene	2253	1950	1954
2289503	Compound	DB09153	2020	2024
2289503	Gene	2253	2081	2085
2289503	Gene	2253	2140	2144
2289503	Gene	2253	2247	2251
2289503	Disease	DOID:1909	2261	2269
2289503	Disease	DOID:1909	2393	2401
2289505	Disease	DOID:1192	66	79
2289505	Disease	DOID:1192	176	189
2289505	Compound	DB01394	624	634
2289506	Gene	3856	53	63
2289506	Gene	3856	314	324
2289506	Gene	3856	326	330
2289506	Gene	3856	386	390
2289506	Gene	9670	424	428
2289506	Gene	3856	556	560
2289506	Gene	3856	636	640
2289506	Gene	3856	689	693
2289506	Gene	3856	857	861
2289506	Gene	3856	1081	1085
2289506	Gene	3856	1545	1549
2289506	Gene	3856	1835	1839
2289507	Gene	55829	34	53
2289507	Gene	55829	291	310
2289507	Gene	55829	500	519
2289507	Gene	55829	562	581
2289507	Gene	55829	878	897
2289507	Gene	55829	1109	1128
2289507	Compound	DB01229	1331	1336
2289507	Gene	55829	1419	1438
2289508	Gene	55890	435	440
2289508	Gene	55890	493	498
2289508	Gene	55890	645	650
2289509	Gene	23480	403	409
2289509	Gene	23480	669	675
2289509	Compound	DB00171	713	716
2289509	Compound	DB00640	713	716
2289509	Gene	23480	980	986
2289509	Gene	23480	1057	1063
2289510	Compound	DB01394	126	136
2289510	Compound	DB01394	315	325
2289510	Compound	DB01394	1651	1661
2289510	Compound	DB01394	1913	1923
2289510	Compound	DB01394	2282	2292
2289510	Compound	DB01394	2390	2400
2289515	Compound	DB00171	928	931
2289515	Compound	DB00640	928	931
2289524	Gene	1876	0	19
2289524	Compound	DB00446	407	422
2289524	Gene	1876	643	662
2289524	Gene	1876	664	667
2289524	Gene	1876	719	722
2289524	Gene	1876	873	876
2289525	Gene	23480	1683	1689
2289525	Gene	23480	1931	1937
4272812	Gene	293	10	25
4272812	Disease	DOID:14330	41	60
4272812	Disease	DOID:14330	61	80
4272812	Disease	DOID:14330	82	84
4272812	Gene	293	303	318
4272812	Gene	293	320	329
4272812	Gene	293	446	455
4272812	Disease	DOID:14330	495	497
4272812	Disease	DOID:14330	557	559
4272812	Gene	293	765	774
4272812	Gene	293	817	826
4272812	Gene	293	1051	1060
4272812	Gene	55937	1069	1074
4272812	Gene	293	1203	1212
4272812	Compound	DB00988	1334	1342
4272812	Gene	293	1377	1386
4272812	Disease	DOID:14330	1495	1497
4272812	Disease	DOID:14330	1604	1623
4272812	Disease	DOID:14330	1625	1627
4272812	Disease	DOID:14330	1854	1856
4272812	Disease	DOID:14330	2071	2073
4272812	Disease	DOID:14330	2199	2201
4272812	Disease	DOID:14330	2530	2532
4272812	Disease	DOID:14330	2683	2685
4272812	Disease	DOID:1319	3924	3936
4272812	Disease	DOID:1319	4111	4123
4272812	Disease	DOID:14330	4473	4475
4272812	Disease	DOID:14330	4915	4917
4272812	Disease	DOID:10652	5011	5030
4272812	Compound	DB01592	5072	5082
4272812	Disease	DOID:9835	5170	5197
4272812	Gene	293	6252	6261
4272812	Gene	293	6790	6799
4272812	Gene	293	7067	7076
4272812	Gene	293	7162	7171
4272812	Gene	293	7219	7228
4272812	Gene	8534	7480	7518
4272812	Gene	8534	7520	7526
4272812	Gene	8534	7748	7754
4272812	Disease	DOID:10652	8359	8378
4272812	Disease	DOID:14330	9978	9980
4272812	Disease	DOID:14330	10163	10182
4272812	Gene	293	10499	10508
4272812	Gene	55937	10599	10604
4272812	Disease	DOID:9970	10655	10657
4272812	Disease	DOID:14330	11206	11208
4272812	Disease	DOID:14330	11219	11227
4272812	Disease	DOID:14330	11445	11447
4272812	Gene	293	11470	11479
4272812	Disease	DOID:14330	11524	11532
4272812	Disease	DOID:14330	11638	11640
4272812	Gene	293	11661	11670
4272812	Gene	293	12094	12103
4272812	Disease	DOID:14330	12493	12495
4272812	Disease	DOID:14330	12550	12552
4272812	Disease	DOID:14330	12667	12669
4272812	Disease	DOID:14330	12941	12943
4272812	Disease	DOID:14330	13140	13142
4272812	Disease	DOID:14330	13232	13243
4272812	Gene	293	13535	13544
4272812	Gene	293	13546	13550
4272812	Gene	293	13704	13708
4272812	Gene	293	13843	13852
4272812	Gene	293	13854	13858
4272812	Disease	DOID:14330	13976	13987
4272812	Gene	293	14040	14044
4272812	Disease	DOID:14330	14089	14091
4272812	Gene	293	14192	14196
4272812	Disease	DOID:14330	14268	14270
4272812	Gene	293	14410	14414
4272812	Disease	DOID:14330	14475	14477
4272812	Gene	293	14797	14801
4272812	Disease	DOID:14330	14879	14881
4272812	Disease	DOID:14330	14981	14983
4272812	Gene	293	14994	14998
4272812	Gene	293	15071	15080
4272812	Gene	293	15382	15386
4272812	Gene	293	15448	15457
4272812	Gene	293	15556	15560
4272812	Disease	DOID:14330	15683	15685
4272812	Gene	293	15984	15988
4272812	Disease	DOID:14330	16084	16086
4272812	Gene	293	16106	16110
4272812	Disease	DOID:14330	16251	16253
4272812	Disease	DOID:14330	16436	16438
4272812	Disease	DOID:14330	16540	16542
4272812	Disease	DOID:14330	16604	16606
4272812	Disease	DOID:14330	16660	16662
4272812	Disease	DOID:14330	16731	16761
4272812	Disease	DOID:14330	16783	16785
4272812	Disease	DOID:14330	18531	18533
4272812	Disease	DOID:14330	18667	18669
4272812	Gene	293	18935	18944
4272812	Disease	DOID:14330	19100	19111
4272812	Disease	DOID:14330	19145	19147
4272812	Disease	DOID:14330	19264	19266
4272812	Gene	293	20236	20251
4272812	Disease	DOID:14330	20697	20699
4272812	Compound	DB00988	20843	20851
4272812	Compound	DB01235	20843	20851
4272812	Disease	DOID:14330	20863	20865
4272812	Disease	DOID:14330	21011	21013
4272812	Gene	293	21179	21188
4272812	Disease	DOID:14330	22419	22421
4272812	Compound	DB00988	22536	22544
4272812	Disease	DOID:14330	22775	22777
4272812	Disease	DOID:14330	22991	22993
4272812	Gene	293	23064	23073
4272812	Disease	DOID:14330	23155	23157
4272812	Disease	DOID:14330	23528	23530
4272812	Disease	DOID:14330	23696	23708
4272812	Disease	DOID:14330	24663	24665
4272812	Gene	293	24883	24887
4272812	Disease	DOID:14330	25202	25204
4272812	Gene	55937	25307	25312
4272812	Gene	293	25352	25361
4272812	Disease	DOID:14330	25436	25438
4272812	Gene	293	25634	25643
4272812	Gene	55937	25703	25708
4272812	Disease	DOID:14330	26093	26095
4272812	Disease	DOID:14330	26266	26268
4272812	Gene	293	26558	26567
4272812	Gene	293	27052	27061
4272812	Gene	293	27175	27184
4272812	Gene	293	27419	27428
4272812	Gene	293	27765	27774
4272812	Gene	293	27962	27971
4272812	Disease	DOID:14330	28521	28523
4272812	Gene	293	28825	28834
4272812	Disease	DOID:14330	28924	28926
4272812	Gene	293	28947	28956
4272812	Gene	293	29199	29208
4272812	Gene	293	29296	29305
4272812	Gene	293	29581	29590
4272812	Disease	DOID:14330	29788	29790
4272812	Disease	DOID:14330	30096	30107
4272812	Gene	293	30194	30203
4272812	Disease	DOID:14330	30845	30847
4272812	Gene	293	31103	31112
4272812	Gene	293	31566	31575
4272812	Disease	DOID:14330	31661	31663
4272812	Disease	DOID:14330	31780	31782
4272812	Gene	293	31977	31986
4272812	Gene	293	32563	32572
4272812	Gene	293	32675	32684
4272812	Gene	293	32731	32740
4272812	Gene	293	32855	32864
4272812	Gene	293	32912	32921
4272812	Disease	DOID:14330	33006	33008
4272812	Gene	293	33050	33059
4272812	Gene	307	33369	33389
4272812	Gene	293	33555	33564
4272812	Disease	DOID:14330	33632	33634
4272812	Gene	293	33759	33768
4272812	Gene	293	34299	34308
4272812	Disease	DOID:14330	34614	34616
4272812	Gene	293	34842	34851
4272812	Gene	293	35104	35113
4272812	Gene	293	35247	35256
4272812	Disease	DOID:14330	35453	35455
4272812	Disease	DOID:14330	35877	35879
4272812	Gene	293	36090	36099
4272812	Gene	293	36120	36129
4272812	Gene	293	36298	36307
4272812	Gene	293	36820	36829
4272812	Disease	DOID:14330	36834	36836
4272812	Gene	5182	36887	36891
4272812	Gene	293	37011	37020
4272812	Gene	293	37075	37084
4272812	Gene	5182	37190	37194
4272812	Gene	293	37277	37286
4272812	Gene	293	37365	37374
4272812	Gene	55937	37476	37481
4272812	Gene	433	37493	37497
4272812	Disease	DOID:14330	37714	37716
4272812	Gene	433	37748	37752
4272812	Gene	433	37838	37857
4272812	Gene	433	37897	37901
4272812	Gene	293	37927	37936
4272812	Gene	433	37987	37991
4272812	Gene	293	38005	38014
4272812	Gene	293	38040	38049
4272812	Gene	293	38161	38170
4272812	Gene	433	38237	38241
4272812	Gene	540	38267	38276
4272812	Disease	DOID:14330	38351	38353
4272812	Gene	540	38412	38421
4272812	Disease	DOID:14330	38514	38516
4272812	Gene	540	38535	38544
4272812	Gene	540	38758	38767
4272812	Gene	55937	38870	38875
4272812	Gene	540	38929	38938
4272812	Disease	DOID:14330	39006	39008
4272812	Gene	55937	39268	39273
4272812	Gene	293	39310	39319
4272812	Gene	293	39439	39448
4272812	Gene	293	39633	39642
4272812	Gene	293	39811	39820
4272812	Gene	293	39886	39895
4272812	Gene	293	40044	40053
4272812	Gene	293	40228	40237
4272812	Disease	DOID:14330	40373	40375
4272812	Disease	DOID:14330	40553	40555
4272812	Disease	DOID:14330	40644	40646
4272812	Gene	293	40717	40726
4272812	Gene	293	40820	40829
4272812	Gene	293	40950	40954
4272812	Disease	DOID:14330	41063	41065
4272812	Gene	293	41115	41124
4272812	Disease	DOID:14330	41176	41187
4272812	Gene	55937	41209	41214
4272812	Gene	293	41235	41244
4272812	Gene	55937	41299	41304
4272812	Gene	55937	41354	41359
4272812	Gene	55937	41549	41554
4272812	Gene	55937	41889	41894
4272812	Disease	DOID:14330	41990	41992
4272812	Gene	293	42054	42063
4272812	Disease	DOID:14330	42218	42220
4272812	Disease	DOID:14330	42602	42620
4272812	Gene	293	42685	42694
4272812	Disease	DOID:14330	43099	43101
4272812	Compound	DB00988	43188	43196
4272812	Gene	293	43248	43257
4272812	Gene	293	43328	43337
4272812	Gene	307	43347	43367
4272812	Compound	DB00988	43478	43484
4272812	Compound	DB01235	43478	43484
4272812	Gene	293	43572	43581
4272812	Gene	55937	43587	43592
4272812	Gene	293	43649	43658
4272812	Gene	55937	43686	43691
4272812	Gene	293	43710	43719
4272812	Gene	293	43906	43915
4272812	Gene	55547	44104	44107
4272812	Compound	DB00143	44119	44122
4272812	Gene	293	44506	44515
4272812	Disease	DOID:14330	44809	44811
4272812	Gene	293	44838	44847
4272812	Gene	55937	44900	44905
4272812	Gene	293	45040	45055
4272812	Gene	293	45099	45108
4272812	Disease	DOID:14330	45181	45183
4272812	Disease	DOID:14330	45259	45261
4272812	Gene	293	45413	45422
4272812	Gene	293	45493	45502
4272812	Gene	293	45587	45596
4272812	Gene	293	45722	45731
4272812	Gene	293	45785	45794
4272812	Gene	293	45842	45851
4272812	Gene	293	46074	46083
4272812	Gene	293	46129	46138
4272812	Gene	293	46226	46235
4272812	Gene	293	46313	46322
4272812	Gene	293	46394	46403
4272812	Gene	293	46436	46445
4272812	Gene	293	46651	46660
4272812	Gene	293	46696	46705
4272812	Gene	293	46922	46931
4272812	Gene	293	47212	47221
4272812	Gene	293	47525	47534
4272812	Gene	293	47862	47871
4272812	Gene	293	47920	47929
4272812	Gene	293	48027	48036
4272812	Compound	DB09152	48093	48094
4272812	Gene	293	48442	48451
4272812	Gene	55937	48963	48968
4272812	Gene	55937	49068	49073
4272812	Gene	55937	49126	49131
4272812	Gene	293	49288	49297
4272812	Gene	293	49373	49382
4272812	Gene	293	49447	49456
4272812	Gene	293	49785	49794
4272812	Gene	293	50773	50782
4272812	Gene	293	50888	50892
4272812	Gene	293	50981	50990
4272812	Gene	293	51149	51158
4272812	Gene	293	51355	51364
4272812	Gene	293	51433	51442
4272812	Gene	293	51632	51641
4272812	Gene	293	51702	51711
4272812	Gene	293	52074	52078
4272812	Disease	DOID:14330	52087	52089
4272812	Gene	293	52149	52158
4272812	Gene	293	52364	52373
4272812	Gene	293	52540	52549
4272812	Gene	293	52729	52738
4272812	Gene	293	52821	52830
4272812	Gene	293	52898	52907
4272812	Gene	293	53323	53332
4272812	Gene	293	53397	53406
4272812	Disease	DOID:14330	53421	53432
4272812	Gene	293	53592	53601
4272812	Gene	293	53779	53788
4272812	Gene	293	53991	54000
4272812	Gene	293	54125	54134
4272812	Disease	DOID:14330	54158	54160
4272812	Gene	293	54267	54276
4272812	Gene	55937	54294	54299
4272812	Compound	DB00988	54466	54474
4272812	Disease	DOID:14330	54541	54543
4272812	Disease	DOID:14330	54544	54563
4272812	Disease	DOID:14330	54717	54736
4272812	Disease	DOID:14330	54795	54812
4272812	Disease	DOID:14330	54834	54853
4272812	Gene	293	54929	54944
4272812	Disease	DOID:14330	54978	54997
4272812	Compound	DB00988	55028	55036
4272812	Disease	DOID:14330	55052	55071
4272812	Disease	DOID:14330	55096	55115
4272812	Disease	DOID:14330	55183	55213
4272812	Disease	DOID:10652	55309	55318
4272812	Disease	DOID:14330	55323	55341
4272812	Disease	DOID:14330	55354	55371
4272812	Disease	DOID:14330	55496	55515
4272812	Disease	DOID:14330	55592	55611
4272812	Disease	DOID:14330	55644	55663
4272812	Gene	293	55666	55681
4272812	Gene	293	55941	55956
4272812	Gene	293	56010	56025
4272812	Disease	DOID:14330	56150	56169
4272812	Gene	293	56277	56281
4272812	Gene	293	56282	56297
4272812	Disease	DOID:14330	56354	56373
4272812	Gene	293	56603	56618
4272812	Gene	293	56634	56649
4272812	Disease	DOID:14330	56885	56902
4272812	Gene	8534	57066	57072
4272812	Gene	293	57398	57413
4272812	Disease	DOID:14330	57469	57488
4272812	Disease	DOID:14330	57547	57566
4272812	Gene	293	57584	57599
4272812	Disease	DOID:14330	57699	57718
4272812	Disease	DOID:14330	57765	57784
4272812	Disease	DOID:14330	57841	57860
4272812	Disease	DOID:14330	57933	57952
4272812	Disease	DOID:14330	57955	57998
4272812	Disease	DOID:14330	58031	58074
4272812	Disease	DOID:14330	58100	58117
4272812	Disease	DOID:14330	58173	58192
4272812	Disease	DOID:14330	58358	58377
4272812	Gene	293	58380	58395
4272812	Disease	DOID:14330	58422	58441
4272812	Disease	DOID:14330	58509	58528
4272812	Disease	DOID:14330	58556	58587
4272812	Gene	293	58654	58669
4272812	Disease	DOID:14330	58673	58692
4272812	Gene	293	58722	58737
4272812	Disease	DOID:14330	58745	58777
4272812	Disease	DOID:14330	58778	58797
4272812	Gene	293	58854	58869
4272812	Gene	293	58903	58918
4272812	Gene	293	58951	58966
4272812	Disease	DOID:14330	59007	59024
4272812	Gene	293	59181	59185
4272812	Disease	DOID:14330	59200	59219
4272812	Disease	DOID:14330	59236	59264
4272812	Gene	293	59295	59310
4272812	Disease	DOID:14330	59341	59358
4272812	Gene	293	59410	59425
4272812	Gene	293	59427	59431
4272812	Disease	DOID:14330	59459	59478
4272812	Gene	293	59481	59496
4272812	Disease	DOID:14330	59533	59552
4272812	Gene	293	59555	59570
4272812	Disease	DOID:14330	59604	59623
4272812	Gene	293	59698	59713
4272812	Disease	DOID:14330	59821	59840
4272812	Disease	DOID:14330	59856	59882
4272812	Gene	293	59903	59918
4272812	Disease	DOID:14330	59968	59989
4272812	Gene	293	60019	60034
4272812	Gene	293	60168	60183
4272812	Gene	293	60327	60342
4272812	Compound	DB00988	60394	60402
4272812	Gene	293	60493	60508
4272812	Gene	293	60631	60635
4272812	Disease	DOID:14330	60683	60700
4272812	Disease	DOID:14330	60763	60782
4272812	Disease	DOID:14330	60883	60902
4272812	Disease	DOID:14330	60959	60978
4272812	Disease	DOID:14330	61034	61051
4272812	Disease	DOID:14330	61118	61135
4272812	Disease	DOID:14330	61210	61229
4272812	Gene	293	61457	61472
4272812	Gene	293	61506	61521
4272812	Disease	DOID:14330	61576	61595
4272812	Disease	DOID:14330	61669	61688
4272812	Disease	DOID:14330	61796	61829
4272812	Gene	293	61895	61910
4272812	Gene	293	61921	61936
4272812	Disease	DOID:14330	62027	62044
4272812	Disease	DOID:14330	62104	62121
4272812	Disease	DOID:14330	62341	62360
4272812	Disease	DOID:14330	62419	62438
4272812	Disease	DOID:1595	62697	62707
4272812	Disease	DOID:14330	62725	62744
4272812	Disease	DOID:14330	62832	62851
4272812	Compound	DB00988	62856	62862
4272812	Compound	DB01235	62856	62862
4272812	Disease	DOID:14330	62954	62973
4272812	Gene	293	63093	63108
4272812	Gene	293	63278	63293
4272812	Disease	DOID:14330	63406	63425
4272812	Disease	DOID:14330	63449	63468
4272812	Disease	DOID:14330	63658	63677
4272812	Compound	DB01577	63834	63849
4272812	Gene	293	63911	63926
4272812	Disease	DOID:14330	63971	63990
4272812	Disease	DOID:14330	64002	64004
4272812	Gene	293	64409	64424
4272812	Disease	DOID:14330	64499	64518
4272812	Disease	DOID:14330	64565	64584
4272812	Disease	DOID:14330	64659	64678
4272812	Disease	DOID:14330	64740	64759
4272812	Gene	293	64847	64862
4272812	Gene	293	64940	64955
4272812	Compound	DB00988	64972	64980
4272812	Gene	293	65117	65132
4272812	Gene	293	65201	65216
4272812	Disease	DOID:14330	65256	65275
4272812	Disease	DOID:14330	65315	65366
4272812	Disease	DOID:14330	65406	65425
4272812	Disease	DOID:14330	65506	65525
4272812	Disease	DOID:14330	65795	65814
4272812	Disease	DOID:14330	66149	66168
4272812	Disease	DOID:14330	66268	66285
4272812	Disease	DOID:14330	66315	66334
4272812	Disease	DOID:14330	66495	66514
4272812	Compound	DB00988	66583	66591
4272812	Gene	293	66608	66623
4272812	Disease	DOID:14330	66669	66688
4272812	Disease	DOID:14330	66718	66737
4272812	Gene	293	66753	66768
4272812	Disease	DOID:14330	66925	66944
4272812	Gene	293	66980	66995
4272812	Gene	293	67141	67156
4272812	Disease	DOID:14330	67178	67197
4272812	Gene	293	67198	67213
4272812	Gene	293	67510	67525
4272812	Disease	DOID:14330	67814	67833
4272812	Disease	DOID:14330	68110	68129
4272812	Gene	293	68147	68162
4272812	Disease	DOID:14330	68210	68229
4272812	Gene	293	68263	68278
4272812	Gene	5182	68444	68448
4272812	Compound	DB00988	68485	68493
4272812	Gene	293	68507	68522
4272812	Gene	293	68532	68547
4272812	Gene	4509	68575	68580
4272812	Gene	433	68590	68594
4272812	Compound	DB00988	68615	68623
4272812	Gene	433	68632	68636
4272812	Gene	293	68677	68692
4272812	Disease	DOID:14330	68702	68721
4272812	Gene	433	68754	68758
4272812	Disease	DOID:14330	68820	68839
4272812	Gene	540	68842	68875
4272812	Disease	DOID:14330	68954	68973
4272812	Gene	540	68976	68986
4272812	Disease	DOID:14330	69033	69052
4272812	Gene	540	69090	69123
4272812	Gene	540	69254	69264
4272812	Gene	540	69359	69369
4272812	Compound	DB00988	69383	69391
4272812	Gene	293	69396	69411
4272812	Gene	55937	69427	69432
4272812	Disease	DOID:14330	69534	69553
4272812	Gene	293	69564	69579
4272812	Gene	293	69661	69676
4272812	Gene	55937	69762	69767
4272812	Disease	DOID:14330	69901	69920
4272812	Gene	293	69923	69938
4272812	Disease	DOID:14330	69975	69994
4272812	Gene	293	70053	70068
4272812	Compound	DB00988	70076	70084
4272812	Gene	293	70299	70314
4272812	Gene	293	70358	70373
4272812	Gene	307	70399	70419
4272812	Gene	293	70443	70458
4272812	Gene	307	70504	70524
4272812	Gene	293	70563	70578
4272812	Compound	DB00988	70666	70674
4272812	Gene	293	70714	70729
4272812	Compound	DB00988	70884	70892
4272812	Compound	DB00988	71115	71123
4272812	Gene	293	71209	71224
4272812	Compound	DB00988	71274	71282
4272812	Gene	293	71477	71492
4272812	Compound	DB00988	71539	71547
4272812	Compound	DB00988	71576	71584
4272812	Gene	293	71599	71614
4272812	Disease	DOID:14330	71837	71856
4272812	Gene	293	71872	71887
4272812	Disease	DOID:14330	71911	71943
4272812	Gene	293	71976	71991
4272812	Gene	293	72103	72118
4272812	Gene	293	72131	72146
4272812	Gene	293	72224	72239
4272812	Gene	293	72321	72336
4272812	Gene	293	72398	72413
4272812	Compound	DB00988	72470	72478
4272812	Gene	293	72519	72534
4272812	Gene	293	72611	72626
4272812	Gene	293	72647	72662
4272812	Gene	293	72752	72767
4272812	Disease	DOID:14330	72826	72845
4272812	Gene	293	72847	72862
4272812	Gene	293	72885	72900
4272812	Disease	DOID:14330	72979	72998
4272812	Gene	293	73083	73098
4272812	Disease	DOID:14330	73131	73150
4272812	Gene	293	73227	73242
4272812	Gene	293	73344	73359
4272812	Gene	293	73495	73510
4272812	Gene	293	73564	73579
4272812	Gene	293	73636	73651
4272812	Gene	293	73704	73719
4272812	Gene	293	73844	73859
4272812	Compound	DB00988	73877	73885
4272812	Gene	293	73886	73901
4272812	Compound	DB00988	73909	73917
4272812	Compound	DB00988	73922	73928
4272812	Compound	DB01235	73922	73928
4272812	Disease	DOID:14330	73976	73987
4272812	Disease	DOID:10652	73992	74011
4272812	Gene	293	74039	74054
4272812	Disease	DOID:14330	74134	74162
4272812	Gene	293	74343	74358
4272812	Disease	DOID:14330	74391	74410
4272812	Gene	293	74459	74474
4272812	Disease	DOID:14330	74522	74539
4272812	Disease	DOID:14330	74666	74685
4272812	Gene	293	74743	74758
4272812	Compound	DB09152	74933	74934
4272812	Gene	293	75024	75039
4272813	Disease	DOID:10763	8551	8563
4272814	Compound	DB00145	1455	1462
4272814	Compound	DB09341	7806	7813
4272814	Compound	DB11280	7806	7813
4272814	Compound	DB09153	8118	8122
4272814	Compound	DB09153	10584	10588
4272814	Compound	DB09153	10837	10841
4272814	Compound	DB09153	10961	10965
4272814	Compound	DB09153	11167	11171
4272814	Compound	DB09153	11305	11309
4272814	Compound	DB09153	11332	11336
4272814	Compound	DB09153	11690	11694
4272814	Compound	DB09153	11847	11851
4272814	Compound	DB09153	13006	13010
4272814	Compound	DB09153	13116	13120
4272814	Compound	DB09153	13355	13359
4272814	Compound	DB09153	13527	13531
4272814	Compound	DB09153	16186	16190
4272814	Compound	DB09153	16262	16266
4272814	Compound	DB09153	17944	17948
4272814	Compound	DB09153	18860	18864
4272814	Disease	DOID:2531	19260	19262
4272814	Disease	DOID:2531	19360	19362
4272814	Compound	DB00583	20252	20261
4272814	Compound	DB00145	20603	20610
4272815	Gene	208	39	43
4272815	Gene	208	419	433
4272815	Gene	208	435	439
4272815	Gene	208	513	517
4272815	Gene	208	1362	1366
4272815	Gene	208	3555	3559
4272815	Gene	210	3564	3568
4272815	Gene	208	3592	3596
4272815	Gene	208	3945	3949
4272815	Gene	208	3995	3999
4272815	Gene	208	5240	5244
4272815	Compound	DB09157	5700	5703
4272815	Gene	3908	6982	6987
4272815	Compound	DB00118	7304	7324
4272815	Compound	DB09153	7438	7442
4272815	Compound	DB00974	7467	7471
4272815	Compound	DB00898	7527	7534
4272815	Gene	208	8557	8561
4272815	Gene	208	8580	8584
4272815	Gene	3908	9704	9709
4272815	Gene	3908	9804	9809
4272815	Gene	3908	9965	9970
4272815	Gene	208	10047	10051
4272815	Gene	208	10591	10595
4272815	Gene	3908	11045	11050
4272815	Gene	3908	12858	12863
4272815	Gene	208	13101	13105
4272815	Gene	3908	13245	13250
4272815	Gene	208	13399	13403
4272815	Gene	208	13552	13556
4272815	Gene	208	13595	13599
4272815	Gene	208	13982	13986
4272815	Gene	208	16816	16820
4272815	Gene	208	16937	16941
4272815	Gene	208	17978	17982
4272815	Gene	208	18502	18506
4272815	Gene	208	18601	18605
4272815	Gene	80218	20601	20606
4272815	Disease	DOID:10283	21495	21510
4272816	Compound	DB09140	2791	2797
4272816	Compound	DB01390	7472	7490
4272816	Compound	DB09153	12535	12539
4272816	Compound	DB09152	19111	19112
4272818	Gene	4359	10741	10744
4272818	Gene	4359	10759	10762
4272818	Compound	DB09152	11055	11056
4272818	Gene	4257	18215	18223
4272820	Disease	DOID:1826	94	112
4272820	Compound	DB00829	290	298
4272820	Compound	DB00186	300	309
4272820	Compound	DB00683	315	324
4272820	Compound	DB00829	458	466
4272820	Compound	DB00186	468	477
4272820	Compound	DB00683	483	492
4272820	Compound	DB00829	1182	1190
4272820	Compound	DB00683	1221	1230
4272820	Compound	DB00186	1256	1265
4272820	Compound	DB00186	1521	1530
4272820	Compound	DB00683	1540	1549
4272820	Compound	DB00829	1553	1561
4272820	Compound	DB00683	1586	1595
4272820	Compound	DB00829	1600	1608
4272820	Compound	DB00186	1706	1715
4272820	Disease	DOID:1826	1883	1901
4272820	Compound	DB00683	2014	2023
4272820	Disease	DOID:1826	2063	2070
4272820	Compound	DB00829	2356	2364
4272820	Compound	DB00186	2369	2378
4272820	Compound	DB00683	2428	2437
4272820	Compound	DB00829	2630	2638
4272820	Compound	DB00186	2640	2649
4272820	Compound	DB00683	2655	2664
4272820	Compound	DB00186	3058	3067
4272820	Compound	DB00829	3332	3340
4272820	Compound	DB00829	3462	3470
4272820	Compound	DB00186	3472	3481
4272820	Compound	DB00683	3487	3496
4272820	Compound	DB00186	5897	5906
4272820	Compound	DB00683	5919	5928
4272820	Compound	DB00829	5932	5940
4272820	Compound	DB00829	6415	6423
4272820	Compound	DB00683	6428	6437
4272820	Compound	DB00829	6546	6554
4272820	Compound	DB00683	6585	6594
4272820	Compound	DB00186	6620	6629
4272820	Compound	DB00186	6815	6824
4272820	Compound	DB00683	6903	6912
4272820	Compound	DB00829	6917	6925
4272820	Compound	DB00186	7051	7060
4272820	Compound	DB00186	7087	7096
4272820	Compound	DB00683	7499	7508
4272820	Compound	DB00829	7512	7520
4272820	Compound	DB00186	7539	7548
4272820	Compound	DB00683	7816	7825
4272820	Compound	DB00829	7830	7838
4272820	Compound	DB00186	7932	7941
4272820	Compound	DB00186	8190	8199
4272820	Compound	DB00683	8204	8213
4272820	Compound	DB00683	8349	8358
4272820	Compound	DB00186	8396	8405
4272820	Compound	DB00829	8629	8637
4272820	Compound	DB00683	8726	8735
4272820	Compound	DB00186	8767	8776
4272820	Compound	DB00829	8881	8889
4272820	Compound	DB00186	8894	8903
4272820	Compound	DB00829	9015	9023
4272820	Compound	DB00829	9072	9080
4272820	Compound	DB00186	9139	9148
4272820	Compound	DB00186	9510	9519
4272820	Compound	DB00186	10068	10077
4272820	Compound	DB00186	10351	10360
4272820	Compound	DB00186	10942	10951
4272820	Compound	DB00186	10966	10975
4272820	Compound	DB00186	11152	11161
4272820	Compound	DB00683	11241	11250
4272820	Compound	DB00829	11254	11262
4272820	Compound	DB00683	11470	11479
4272820	Compound	DB00186	11484	11493
4272820	Compound	DB00186	12292	12301
4272820	Compound	DB00683	12490	12499
4272820	Compound	DB00829	12504	12512
4272820	Compound	DB00186	12623	12632
4272820	Compound	DB00186	21395	21404
4272820	Compound	DB00829	21406	21414
4272820	Disease	DOID:1826	21465	21483
4272820	Disease	DOID:1826	21542	21560
4272820	Compound	DB00683	21562	21571
4272820	Compound	DB00829	21579	21587
4272820	Disease	DOID:1826	21609	21627
4272820	Compound	DB00302	21891	21906
4272820	Compound	DB00829	22161	22169
4272820	Compound	DB00186	22174	22183
4272820	Compound	DB00683	22233	22242
4272820	Compound	DB00186	22247	22256
4272820	Compound	DB00186	22534	22543
4272820	Compound	DB00829	23149	23157
4272820	Compound	DB00186	23314	23323
4272820	Compound	DB00683	23487	23496
4272821	Gene	55665	1357	1361
4272821	Gene	55665	1975	1979
4272821	Gene	7857	4230	4234
4272821	Gene	392	4737	4741
4272821	Gene	55665	5500	5504
4272821	Gene	55665	5644	5648
4272821	Gene	55665	5716	5720
4272821	Gene	55665	5799	5803
4272821	Compound	DB00994	7101	7109
4272821	Compound	DB01174	8933	8940
4272821	Gene	1477	10665	10668
4272821	Gene	1854	11060	11068
4272821	Compound	DB09499	11739	11757
4272821	Compound	DB03166	11919	11930
4272821	Compound	DB03166	12271	12282
4272821	Compound	DB02772	12509	12516
4272821	Gene	8315	13771	13774
4272821	Gene	1521	13798	13803
4272821	Gene	8315	13919	13922
4272821	Compound	DB03166	15081	15092
4272821	Compound	DB03166	15114	15125
4272821	Compound	DB00151	16000	16008
4272821	Compound	DB09485	16000	16008
4272821	Gene	55665	16839	16843
4272821	Gene	997	16896	16899
4272821	Gene	997	16952	16955
4272821	Gene	1854	19854	19862
4272821	Gene	1854	20507	20515
4272821	Gene	7857	20519	20523
4272821	Gene	1854	21063	21071
4272821	Gene	1854	21154	21162
4272821	Gene	55665	26686	26690
4272821	Gene	55665	27253	27257
4272821	Gene	55665	27352	27356
4272821	Gene	55665	27543	27547
4272821	Gene	55665	28973	28977
4272821	Gene	55665	29021	29025
4272821	Gene	55665	29158	29162
4272821	Gene	55665	29489	29493
4272821	Compound	DB00148	30507	30515
4272821	Compound	DB00148	30533	30541
4272821	Compound	DB00148	30668	30676
4272821	Gene	55665	35569	35573
4272821	Gene	55665	35678	35682
4272821	Gene	55665	36395	36399
4272821	Gene	7857	36931	36935
4272821	Compound	DB00148	40505	40513
4272821	Gene	55665	40692	40696
4272821	Gene	55665	40798	40802
4272821	Gene	55665	40978	40982
4272821	Gene	55665	41320	41324
4272821	Gene	55665	41523	41527
4272821	Compound	DB00148	43395	43403
4272821	Gene	7857	46777	46781
4272821	Gene	5144	46791	46796
4272821	Gene	55665	47337	47341
4272822	Gene	3329	14345	14349
4272822	Gene	22999	15000	15005
4272822	Gene	9670	16056	16060
4272822	Compound	DB09152	22416	22424
4272822	Compound	DB00145	28092	28099
4272822	Compound	DB04077	28169	28178
4272822	Compound	DB09462	28169	28178
4272822	Compound	DB00898	28377	28384
4272822	Compound	DB03166	28393	28404
4272822	Compound	DB00898	28693	28700
4272822	Compound	DB03843	28939	28951
4272822	Compound	DB03843	29137	29149
4272822	Compound	DB00145	29208	29215
4272822	Compound	DB09152	30541	30542
4272822	Compound	DB00134	30967	30977
4272822	Compound	DB09152	34238	34239
4272822	Disease	DOID:9970	35033	35040
4272822	Gene	3329	35193	35197
4272822	Gene	22999	35441	35456
4272822	Gene	22999	35563	35578
4272822	Disease	DOID:2994	35856	35865
4272822	Gene	136	35978	35988
4272822	Disease	DOID:986	37009	37024
4272822	Disease	DOID:1324	37265	37291
4272823	Disease	DOID:10283	60	75
4272823	Disease	DOID:10283	125	140
4272823	Disease	DOID:10283	474	489
4272823	Disease	DOID:10283	570	585
4272823	Disease	DOID:10283	2526	2541
4272823	Disease	DOID:10283	4997	5012
4272823	Disease	DOID:10283	5033	5048
4272823	Disease	DOID:10283	5096	5111
4272823	Disease	DOID:10283	5847	5872
4272823	Disease	DOID:10283	6562	6587
4272823	Disease	DOID:10283	6682	6697
4272823	Gene	1068	7509	7512
4272823	Disease	DOID:10283	12066	12081
4272823	Compound	DB00936	12342	12349
4272823	Compound	DB00945	12342	12349
4272823	Disease	DOID:10283	14250	14265
4272823	Disease	DOID:10283	15815	15830
4272823	Disease	DOID:10283	16390	16405
4272823	Disease	DOID:10283	18807	18822
4272823	Disease	DOID:10283	19733	19748
4272823	Disease	DOID:10283	21633	21668
4272823	Disease	DOID:10283	21825	21840
4272823	Disease	DOID:10283	24648	24663
4272823	Disease	DOID:10652	29484	29486
4272823	Disease	DOID:10283	29858	29886
4272823	Disease	DOID:10283	29975	29990
4272823	Disease	DOID:10283	30043	30058
4272823	Disease	DOID:10283	30179	30204
4272823	Disease	DOID:10283	30327	30342
4272823	Disease	DOID:10283	30385	30400
4272823	Disease	DOID:10283	30467	30482
4272823	Disease	DOID:10283	30574	30589
4272823	Disease	DOID:10283	30862	30877
4272823	Disease	DOID:10283	31035	31050
4272823	Disease	DOID:10283	31240	31255
4272823	Disease	DOID:10283	31318	31333
4272823	Disease	DOID:10283	31465	31490
4272823	Disease	DOID:10283	31538	31553
4272823	Disease	DOID:10283	32431	32456
4272823	Disease	DOID:10283	32643	32658
4272823	Disease	DOID:10283	32685	32700
4272823	Disease	DOID:10283	32802	32820
4272823	Disease	DOID:10283	32821	32858
4272823	Disease	DOID:10283	32917	32942
4272823	Disease	DOID:10283	33016	33041
4272823	Disease	DOID:10283	33163	33188
4272823	Disease	DOID:10283	33293	33318
4272823	Disease	DOID:10283	33468	33483
4272823	Disease	DOID:10283	33544	33567
4272823	Disease	DOID:10283	33730	33745
4272823	Disease	DOID:10283	34088	34113
4272823	Disease	DOID:10283	34201	34226
4272823	Disease	DOID:10283	34309	34328
4272823	Disease	DOID:10283	34372	34387
4272823	Disease	DOID:10283	34486	34501
4272823	Disease	DOID:10283	34569	34584
4272823	Disease	DOID:10283	34784	34809
4272823	Disease	DOID:10283	34901	34916
4272823	Disease	DOID:10283	34967	34982
4272823	Disease	DOID:10283	35040	35067
4272823	Disease	DOID:10283	35353	35378
4272824	Compound	DB00907	39	46
4272824	Compound	DB00907	227	234
4272824	Compound	DB01579	279	294
4272824	Compound	DB00182	299	312
4272824	Compound	DB00907	335	342
4272824	Compound	DB00907	364	371
4272824	Compound	DB00907	518	525
4272824	Compound	DB00907	767	774
4272824	Compound	DB00907	1021	1028
4272824	Compound	DB00907	1095	1102
4272824	Compound	DB00907	1521	1528
4272824	Compound	DB00907	1617	1624
4272824	Compound	DB00907	1693	1700
4272824	Compound	DB00907	1849	1856
4272824	Compound	DB00907	2760	2767
4272824	Compound	DB00907	3716	3723
4272824	Compound	DB00907	3884	3891
4272824	Compound	DB00907	4000	4007
4272824	Compound	DB00907	4214	4221
4272824	Compound	DB00907	4326	4333
4272824	Compound	DB00907	4820	4827
4272824	Compound	DB00907	5076	5083
4272824	Compound	DB00907	5326	5333
4272824	Compound	DB00907	5569	5576
4272824	Compound	DB00907	5693	5700
4272824	Compound	DB00182	5747	5760
4272824	Compound	DB01579	5762	5777
4272824	Compound	DB00830	5783	5796
4272824	Compound	DB00907	5892	5899
4272824	Compound	DB00907	5936	5943
4272824	Compound	DB00907	6205	6212
4272824	Compound	DB00907	7688	7695
4272824	Compound	DB00907	7985	7992
4272824	Compound	DB00907	8367	8374
4272824	Compound	DB00907	8470	8477
4272824	Compound	DB00907	8545	8552
4272824	Compound	DB00907	8771	8778
4272824	Compound	DB00907	8916	8923
4272824	Compound	DB00182	9161	9174
4272824	Compound	DB01579	9196	9215
4272824	Compound	DB00830	9238	9255
4272824	Compound	DB00907	9401	9408
4272824	Compound	DB00907	9533	9540
4272824	Compound	DB00907	9785	9792
4272824	Compound	DB00907	9836	9843
4272824	Compound	DB00907	10065	10072
4272824	Compound	DB00907	10189	10196
4272824	Compound	DB00907	10265	10272
4272824	Compound	DB00907	10907	10914
4272824	Compound	DB00907	11232	11239
4272824	Compound	DB00907	13405	13412
4272824	Compound	DB00182	14224	14237
4272824	Compound	DB00907	14271	14278
4272824	Compound	DB00182	14380	14393
4272824	Compound	DB00907	14439	14446
4272824	Compound	DB00182	14488	14501
4272824	Compound	DB00182	14565	14578
4272824	Compound	DB00182	14754	14767
4272824	Compound	DB01579	14990	15009
4272824	Compound	DB00907	15043	15050
4272824	Compound	DB01579	15152	15167
4272824	Compound	DB00907	15228	15235
4272824	Compound	DB01579	15277	15296
4272824	Compound	DB01579	15419	15438
4272824	Compound	DB01579	15555	15574
4272824	Compound	DB00830	15932	15949
4272824	Compound	DB00907	15983	15990
4272824	Compound	DB00830	16092	16105
4272824	Compound	DB00907	16165	16172
4272824	Compound	DB00830	16214	16231
4272824	Compound	DB00830	16482	16499
4272824	Compound	DB00907	16578	16585
4272824	Compound	DB00907	16643	16650
4272824	Compound	DB00907	16759	16766
4272824	Compound	DB00907	16858	16865
4272824	Compound	DB00907	17060	17067
4272824	Compound	DB00907	17669	17676
4272824	Compound	DB00907	17994	18001
4272824	Compound	DB00907	19759	19766
4272824	Compound	DB00907	21276	21283
4272824	Compound	DB00907	21321	21328
4272824	Compound	DB00907	21373	21380
4272824	Compound	DB00907	21550	21557
4272824	Compound	DB00907	21826	21833
4272824	Compound	DB00907	22361	22368
4272824	Compound	DB00907	22452	22459
4272824	Compound	DB00907	22517	22524
4272824	Compound	DB00907	22584	22591
4272824	Compound	DB00182	22931	22944
4272824	Compound	DB00907	23075	23082
4272824	Compound	DB00907	23169	23176
4272824	Compound	DB00907	23199	23206
4272824	Compound	DB00907	23322	23329
4272824	Compound	DB00907	23358	23365
4272824	Compound	DB00907	23413	23420
4272824	Compound	DB00182	23470	23483
4272824	Compound	DB00907	23564	23571
4272824	Compound	DB00907	23729	23736
4272824	Compound	DB00907	23904	23911
4272824	Compound	DB00907	24013	24020
4272824	Compound	DB00907	24372	24379
4272824	Compound	DB00907	24593	24600
4272824	Compound	DB00907	25269	25276
4272824	Compound	DB00907	25462	25469
4272824	Compound	DB00907	25653	25660
4272824	Compound	DB00182	25697	25710
4272824	Compound	DB00907	25832	25839
4272824	Compound	DB00907	25980	25987
4272824	Compound	DB00907	26325	26332
4272824	Compound	DB00182	26791	26804
4272824	Compound	DB01579	26809	26824
4272824	Compound	DB00907	26898	26905
4272824	Compound	DB00182	27051	27064
4272824	Compound	DB01579	27069	27084
4272824	Compound	DB00907	28035	28042
4272824	Disease	DOID:14330	28337	28349
4272824	Compound	DB00182	28376	28387
4272824	Compound	DB00907	28401	28408
4272824	Compound	DB00988	28541	28549
4272824	Compound	DB00368	28550	28564
4272824	Compound	DB00907	28600	28607
4272824	Compound	DB00907	28814	28821
4272824	Compound	DB01579	28907	28922
4272824	Compound	DB00907	28941	28948
4272824	Compound	DB00899	29515	29527
4272824	Compound	DB00907	29695	29702
4272824	Compound	DB00898	29815	29822
4272824	Compound	DB00898	29847	29854
4272824	Compound	DB00899	30185	30197
4272824	Compound	DB00907	30402	30409
4272824	Compound	DB00907	30801	30808
4272824	Compound	DB00907	31019	31026
4272824	Compound	DB00182	31073	31086
4272824	Compound	DB00907	31100	31107
4272824	Compound	DB00184	31389	31397
4272824	Compound	DB00988	31572	31580
4272824	Compound	DB00907	31702	31709
4272824	Compound	DB00907	31813	31820
4272824	Compound	DB00907	32029	32036
4272824	Compound	DB00907	32303	32310
4272824	Compound	DB00907	32336	32343
4272824	Compound	DB00182	32386	32399
4272824	Compound	DB00907	32433	32440
4272824	Compound	DB00182	32542	32555
4272824	Compound	DB00907	32634	32641
4272824	Compound	DB00907	32671	32678
4272824	Compound	DB00182	32801	32814
4272824	Compound	DB01579	33065	33084
4272824	Compound	DB00907	33118	33125
4272824	Compound	DB01579	33227	33246
4272824	Compound	DB00907	33325	33332
4272824	Compound	DB00907	33362	33369
4272824	Compound	DB01579	33492	33511
4272824	Compound	DB00830	33762	33779
4272824	Compound	DB00907	33813	33820
4272824	Compound	DB00830	33922	33939
4272824	Compound	DB00907	34018	34025
4272824	Compound	DB00907	34055	34062
4272824	Compound	DB00830	34185	34202
4272824	Compound	DB00907	34451	34458
4272824	Compound	DB00907	34482	34489
4272824	Compound	DB00907	34679	34686
4272824	Compound	DB00907	34715	34722
4272824	Compound	DB00830	34845	34862
4272824	Compound	DB00182	35105	35118
4272824	Compound	DB00907	35151	35158
4272824	Compound	DB00907	35388	35395
4272824	Compound	DB00907	35436	35443
4272824	Compound	DB00182	36705	36760
4272824	Compound	DB01579	38332	38389
4272824	Compound	DB00830	39824	39879
4272825	Disease	DOID:1793	2276	2284
4272825	Compound	DB08820	3299	3307
4272825	Compound	DB00171	3523	3526
4272825	Compound	DB00640	3523	3526
4272825	Disease	DOID:3083	6953	6990
4272825	Disease	DOID:3083	6992	6996
4272825	Compound	DB00594	7969	7978
4272825	Compound	DB00594	8654	8663
4272825	Compound	DB00594	15977	15986
4272825	Compound	DB01093	16542	16546
4272825	Gene	788	16690	16693
4272825	Compound	DB00594	16745	16754
4272825	Compound	DB00646	16964	16972
4272825	Gene	788	17220	17223
4272825	Gene	6267	17531	17534
4272825	Gene	6268	18080	18083
4272825	Compound	DB00171	19118	19121
4272825	Compound	DB00640	19118	19121
4272825	Disease	DOID:3083	24758	24795
4272825	Disease	DOID:3083	24797	24801
4272825	Disease	DOID:3083	24968	24972
4272825	Disease	DOID:3083	25722	25726
4272825	Compound	DB00594	27495	27504
4272825	Compound	DB09157	32306	32309
4272825	Compound	DB09157	32477	32480
4272825	Gene	3071	32871	32874
4272825	Compound	DB03843	33723	33731
4272825	Compound	DB09341	34210	34217
4272825	Compound	DB11280	34210	34217
4272825	Compound	DB09157	34257	34260
4272825	Compound	DB00594	34571	34580
4272825	Compound	DB00646	34854	34862
4272825	Compound	DB00594	37066	37075
4272825	Compound	DB00594	37240	37249
4272825	Compound	DB00594	37543	37552
4272825	Gene	788	38185	38188
4272825	Compound	DB00646	38221	38229
4272825	Gene	6267	38312	38315
4272825	Gene	6268	38391	38394
4272825	Compound	DB00646	43138	43146
4272825	Compound	DB09152	46868	46869
4272825	Compound	DB01093	47487	47491
4272825	Compound	DB01093	48197	48201
4272825	Compound	DB01093	52058	52062
4272825	Compound	DB00646	53018	53026
4272825	Compound	DB00646	53155	53163
4272826	Disease	DOID:2531	104	113
4272826	Disease	DOID:2531	181	190
4272826	Gene	11214	603	607
4272826	Disease	DOID:2531	775	784
4272826	Disease	DOID:2531	1098	1107
4272826	Disease	DOID:2531	1149	1158
4272826	Disease	DOID:2531	1418	1427
4272826	Disease	DOID:2531	1581	1589
4272826	Disease	DOID:2531	1761	1769
4272826	Disease	DOID:2531	1898	1906
4272826	Gene	11214	2009	2013
4272826	Disease	DOID:2531	2086	2094
4272826	Disease	DOID:2531	2212	2221
4272826	Disease	DOID:2531	2293	2302
4272826	Disease	DOID:2531	2532	2541
4272826	Disease	DOID:2531	2654	2663
4272826	Disease	DOID:2531	2722	2731
4272826	Disease	DOID:2531	2864	2873
4272826	Disease	DOID:2531	2993	3002
4272826	Disease	DOID:2531	3169	3177
4272826	Disease	DOID:2531	4478	4496
4272826	Disease	DOID:2531	6825	6834
4272826	Disease	DOID:2531	7057	7066
4272826	Disease	DOID:2531	7071	7080
4272826	Disease	DOID:2531	7090	7108
4272826	Disease	DOID:2531	7206	7215
4272826	Disease	DOID:2531	7256	7265
4272826	Disease	DOID:2531	7315	7323
4272826	Disease	DOID:2531	7393	7402
4272826	Disease	DOID:2531	7454	7463
4272826	Disease	DOID:2531	7567	7576
4272826	Disease	DOID:2531	7662	7671
4272826	Gene	11214	7860	7864
4272826	Disease	DOID:2531	7888	7897
4272826	Gene	11214	7998	8002
4272826	Gene	11214	8187	8191
4272826	Disease	DOID:2531	8207	8216
4272826	Disease	DOID:2531	8341	8350
4272826	Disease	DOID:2531	8396	8405
4272826	Disease	DOID:2531	8654	8663
4272826	Disease	DOID:2531	8859	8868
4272826	Disease	DOID:2531	8954	8963
4272826	Disease	DOID:2531	10149	10158
4272826	Disease	DOID:2531	10461	10470
4272826	Disease	DOID:2531	10674	10682
4272826	Disease	DOID:2531	10735	10744
4272826	Disease	DOID:2531	10873	10882
4272826	Disease	DOID:2531	10983	10992
4272826	Disease	DOID:2531	11018	11027
4272826	Disease	DOID:2531	11166	11175
4272826	Disease	DOID:2531	11376	11385
4272826	Disease	DOID:2531	11491	11500
4272826	Disease	DOID:2531	11949	11958
4272826	Disease	DOID:2531	12222	12231
4272826	Disease	DOID:2531	12376	12385
4272826	Disease	DOID:2531	12618	12627
4272826	Disease	DOID:2531	12771	12780
4272826	Disease	DOID:2531	12878	12887
4272826	Disease	DOID:2531	12957	12979
4272826	Disease	DOID:2531	12980	12989
4272826	Disease	DOID:2531	13266	13275
4272826	Disease	DOID:2531	13511	13520
4272826	Disease	DOID:2531	13623	13632
4272826	Disease	DOID:2531	13667	13676
4272826	Disease	DOID:2531	13911	13920
4272826	Disease	DOID:2531	14299	14308
4272826	Disease	DOID:2531	14483	14492
4272826	Disease	DOID:2531	14669	14677
4272826	Disease	DOID:2531	14735	14744
4272826	Disease	DOID:2531	14850	14859
4272826	Disease	DOID:2531	15029	15038
4272826	Disease	DOID:2531	15064	15073
4272826	Disease	DOID:2531	15287	15296
4272826	Disease	DOID:2531	15622	15631
4272826	Gene	11214	16527	16531
4272826	Gene	11214	16577	16581
4272826	Disease	DOID:2531	16627	16636
4272826	Disease	DOID:2531	16823	16832
4272826	Disease	DOID:2531	17665	17674
4272826	Disease	DOID:2531	17797	17806
4272826	Disease	DOID:2531	17887	17896
4272826	Disease	DOID:2531	17996	18005
4272826	Compound	DB09152	18208	18209
4272826	Gene	3854	18231	18235
4272826	Disease	DOID:2531	19108	19117
4272826	Disease	DOID:2531	19322	19331
4272826	Gene	3854	19775	19802
4272826	Gene	3854	19804	19808
4272826	Disease	DOID:2531	20067	20076
4272826	Gene	3854	20176	20180
4272826	Disease	DOID:2531	20428	20454
4272826	Disease	DOID:2531	22111	22135
4272826	Gene	4072	22240	22244
4272826	Disease	DOID:2531	22268	22285
4272826	Disease	DOID:2531	22354	22377
4272826	Disease	DOID:2531	22407	22429
4272826	Gene	9762	22431	22435
4272826	Gene	3783	22474	22481
4272826	Disease	DOID:2531	22519	22539
4272826	Disease	DOID:2531	22719	22728
4272826	Disease	DOID:2531	22884	22906
4272826	Disease	DOID:2531	22942	22964
4272826	Gene	4051	23011	23048
4272826	Gene	4051	23050	23053
4272826	Gene	3014	23142	23146
4272826	Gene	1549	23191	23196
4272826	Disease	DOID:2531	24573	24582
4272826	Disease	DOID:2531	25644	25652
4272826	Gene	11214	25760	25764
4272826	Disease	DOID:2531	25832	25841
4272826	Disease	DOID:2531	26129	26145
4272826	Disease	DOID:2531	26244	26253
4272826	Disease	DOID:2531	26308	26326
4272826	Disease	DOID:2531	26531	26549
4272826	Gene	1945	26857	26863
4272826	Gene	3854	27572	27576
4272826	Gene	3854	27580	27584
4272826	Gene	3854	27586	27590
4272826	Gene	3854	28372	28377
4272826	Disease	DOID:2531	28438	28446
4272826	Gene	10990	28643	28648
4272826	Gene	4072	29065	29069
4272826	Disease	DOID:2531	29124	29132
4272826	Gene	4072	29236	29240
4272826	Disease	DOID:2531	29346	29362
4272826	Gene	3783	29408	29415
4272826	Gene	9762	29441	29445
4272826	Disease	DOID:2531	29512	29520
4272826	Disease	DOID:2531	29799	29821
4272826	Disease	DOID:2531	29875	29878
4272826	Gene	4051	29890	29893
4272826	Disease	DOID:2531	30039	30055
4272826	Gene	2891	30129	30133
4272826	Disease	DOID:2531	30288	30296
4272826	Disease	DOID:2531	30373	30382
4272826	Disease	DOID:2531	30494	30503
4272826	Disease	DOID:2531	30574	30583
4272826	Disease	DOID:2531	30767	30776
4272826	Disease	DOID:2531	31165	31174
4272826	Disease	DOID:2531	31471	31480
4272826	Disease	DOID:2531	31611	31620
4272826	Disease	DOID:2531	31698	31707
4272826	Disease	DOID:2531	31859	31868
4272826	Disease	DOID:2531	31980	31989
4272826	Disease	DOID:2531	32059	32068
4272826	Disease	DOID:2531	32678	32687
4272826	Disease	DOID:2531	32976	32985
4272826	Gene	586	33176	33179
4272826	Gene	586	33254	33257
4272826	Disease	DOID:2531	33360	33369
4272826	Disease	DOID:2531	33711	33720
4272826	Disease	DOID:2531	33832	33841
4272826	Disease	DOID:2531	33908	33917
4272826	Disease	DOID:2531	34230	34238
4272826	Disease	DOID:2531	34517	34525
4272826	Disease	DOID:2531	34646	34655
4272826	Disease	DOID:2531	34694	34716
4272826	Disease	DOID:2531	34718	34726
4272826	Disease	DOID:2531	35009	35018
4272826	Disease	DOID:2531	35434	35451
4272826	Disease	DOID:2531	36157	36166
4272826	Disease	DOID:2531	36210	36219
4272826	Disease	DOID:2531	36346	36359
4272826	Disease	DOID:2531	37751	37759
4272826	Disease	DOID:2531	38023	38031
4272826	Disease	DOID:2531	38107	38115
4272826	Disease	DOID:2531	38528	38600
4272826	Gene	4072	39126	39130
4272826	Gene	9762	39357	39361
4272826	Compound	DB03106	39908	39916
4272826	Gene	3014	40021	40025
4272826	Gene	1549	40140	40145
4272827	Compound	DB00898	874	881
4272827	Disease	DOID:1595	1015	1025
4272827	Disease	DOID:1595	1279	1289
4272827	Compound	DB00898	1522	1529
4272827	Disease	DOID:1595	1787	1797
4272827	Disease	DOID:6364	3254	3262
4272827	Disease	DOID:1595	3267	3277
4272827	Disease	DOID:1595	3279	3289
4272827	Disease	DOID:1595	3426	3436
4272827	Disease	DOID:1595	3549	3569
4272827	Disease	DOID:1595	4550	4560
4272827	Disease	DOID:1595	4617	4638
4272827	Disease	DOID:1595	4943	4953
4272827	Compound	DB00898	5827	5834
4272827	Disease	DOID:1595	6316	6326
4272827	Compound	DB00898	7703	7710
4272827	Compound	DB00898	8142	8149
4272827	Compound	DB00898	8244	8251
4272827	Compound	DB00898	8298	8305
4272827	Disease	DOID:10763	8424	8436
4272827	Disease	DOID:2841	8451	8457
4272827	Disease	DOID:1595	10278	10288
4272827	Disease	DOID:1595	10366	10376
4272827	Gene	55534	10416	10419
4272827	Compound	DB00898	10636	10643
4272827	Compound	DB00898	12361	12368
4272827	Disease	DOID:1595	12577	12587
4272827	Disease	DOID:9970	12653	12660
4272827	Disease	DOID:1595	13139	13149
4272827	Disease	DOID:10763	13699	13711
4272827	Disease	DOID:2841	13713	13719
4272827	Disease	DOID:1595	14728	14738
4272827	Disease	DOID:1595	14828	14838
4272827	Gene	55534	14878	14881
4272827	Compound	DB00898	15098	15105
4272827	Disease	DOID:1595	15378	15388
4272827	Disease	DOID:1595	15756	15766
4272827	Disease	DOID:1595	15975	15985
4272827	Disease	DOID:1595	16091	16101
4272827	Disease	DOID:1595	16412	16422
4272827	Disease	DOID:1595	16743	16753
4272827	Disease	DOID:1595	17544	17554
4272827	Disease	DOID:1595	18922	18932
4272827	Disease	DOID:1595	19368	19378
4272827	Disease	DOID:1595	20245	20255
4272827	Disease	DOID:1595	21586	21596
4272827	Disease	DOID:1595	22320	22330
4272827	Disease	DOID:1595	22554	22564
4272827	Disease	DOID:1595	24037	24047
4272827	Disease	DOID:1595	24113	24123
4272827	Disease	DOID:1595	24194	24204
4272827	Disease	DOID:1595	24719	24739
4272827	Disease	DOID:9970	25028	25035
4272827	Compound	DB00741	25323	25331
4272827	Disease	DOID:1595	25535	25545
4272827	Disease	DOID:1595	26374	26384
4272827	Disease	DOID:1595	26961	26980
4272828	Disease	DOID:9970	3372	3379
4272828	Disease	DOID:3393	3881	3902
4272828	Compound	DB00396	3935	3947
4272828	Disease	DOID:2531	4069	4084
4272828	Disease	DOID:14330	4096	4105
4272828	Disease	DOID:2355	4121	4145
4272828	Disease	DOID:3083	9516	9553
4272828	Disease	DOID:3393	10312	10333
4272828	Compound	DB01225	12312	12322
4272828	Compound	DB01225	12451	12461
4272829	Disease	DOID:11476	1376	1388
4272829	Disease	DOID:11476	1447	1482
4272829	Disease	DOID:9970	1869	1876
4272829	Disease	DOID:9970	2454	2459
4272829	Disease	DOID:9970	4195	4200
4272829	Disease	DOID:11476	4499	4511
4272829	Disease	DOID:11476	4571	4583
4272829	Disease	DOID:9970	5895	5900
4272829	Disease	DOID:9970	5950	5955
4272829	Disease	DOID:11476	7723	7735
4272829	Gene	173	7993	8000
4272829	Disease	DOID:9970	8166	8173
4272829	Disease	DOID:9970	8705	8710
4272829	Disease	DOID:9970	8957	8962
4272829	Disease	DOID:11476	9705	9717
4272829	Disease	DOID:11476	9814	9826
4272829	Disease	DOID:11476	10671	10695
4272829	Disease	DOID:9970	11207	11214
4272829	Disease	DOID:9970	11236	11243
4272829	Disease	DOID:11476	11259	11271
4272829	Disease	DOID:9970	11386	11393
4272829	Disease	DOID:9970	11443	11450
4272829	Disease	DOID:9970	11701	11708
4272829	Disease	DOID:9970	11819	11826
4272830	Disease	DOID:1826	4209	4219
4272830	Disease	DOID:1826	4258	4269
4272830	Disease	DOID:1826	5706	5714
4272830	Compound	DB01212	5902	5913
4272830	Compound	DB00479	6099	6107
4272830	Compound	DB00798	6111	6121
4272830	Compound	DB00479	6123	6131
4272830	Compound	DB01015	6192	6208
4272830	Compound	DB00440	6213	6225
4272830	Compound	DB01212	6442	6453
4272830	Compound	DB00479	6474	6482
4272830	Compound	DB00798	6486	6496
4272831	Disease	DOID:585	2640	2655
4272831	Compound	DB00624	3655	3667
4272831	Compound	DB09154	3735	3742
4272831	Disease	DOID:11819	5629	5642
4272831	Compound	DB00138	9715	9722
4272831	Disease	DOID:11819	11192	11217
4272831	Disease	DOID:11819	15993	16018
4272831	Compound	DB00138	25251	25258
4272831	Disease	DOID:0050741	27851	27871
4272832	Compound	DB00281	7765	7774
4272832	Disease	DOID:3393	7976	7992
4272832	Compound	DB00281	8671	8680
4272832	Compound	DB06812	9232	9247
4272832	Compound	DB01109	14906	14913
4272832	Compound	DB01109	18708	18715
4272833	Disease	DOID:263	13	25
4272833	Disease	DOID:263	76	89
4272833	Disease	DOID:263	198	211
4272833	Disease	DOID:263	1543	1556
4272833	Disease	DOID:263	1576	1588
4272833	Disease	DOID:263	1691	1704
4272833	Disease	DOID:784	1709	1732
4272833	Disease	DOID:263	1928	1941
4272833	Disease	DOID:263	3545	3567
4272833	Compound	DB00898	4698	4705
4272833	Compound	DB00898	4738	4745
4272833	Compound	DB00898	4829	4836
4272833	Compound	DB00898	4977	4984
4272833	Compound	DB00898	5095	5102
4272833	Compound	DB00898	8861	8868
4272833	Disease	DOID:263	9057	9069
4272833	Disease	DOID:263	9169	9182
4272833	Disease	DOID:263	9504	9515
4272833	Disease	DOID:263	9517	9528
4272833	Disease	DOID:263	9621	9632
4272833	Disease	DOID:263	9671	9683
4272833	Compound	DB00898	11314	11321
4272833	Compound	DB00898	11331	11338
4272833	Compound	DB00898	11508	11515
4272833	Compound	DB00898	11821	11828
4272833	Compound	DB00898	11980	11987
4272833	Compound	DB00898	12200	12207
4272833	Compound	DB00898	12263	12270
4272833	Compound	DB00898	12441	12448
4272833	Compound	DB00898	12642	12649
4272833	Compound	DB00898	12726	12733
4272833	Compound	DB00898	12822	12829
4272833	Compound	DB00898	12903	12910
4272833	Compound	DB00898	12939	12946
4272833	Compound	DB00898	13550	13557
4272833	Disease	DOID:263	15603	15616
4272833	Disease	DOID:263	15804	15817
4272833	Compound	DB00898	16043	16050
4272833	Compound	DB00898	16104	16111
4272833	Disease	DOID:263	16917	16937
4272833	Disease	DOID:263	17007	17027
4272833	Disease	DOID:263	17085	17105
4272833	Disease	DOID:263	17249	17262
4272833	Compound	DB00898	17362	17369
4272833	Disease	DOID:263	17386	17401
4272833	Disease	DOID:263	17439	17459
4272833	Disease	DOID:263	17498	17518
4272833	Disease	DOID:263	18023	18043
4272833	Disease	DOID:263	18198	18218
4272833	Disease	DOID:263	18419	18439
4272833	Disease	DOID:263	18440	18489
4272833	Disease	DOID:263	18590	18601
4272833	Disease	DOID:263	18698	18713
4272833	Disease	DOID:263	18956	18968
4272834	Disease	DOID:2531	54	79
4272834	Disease	DOID:2531	427	430
4272834	Compound	DB04398	593	600
4272834	Disease	DOID:2531	670	695
4272834	Disease	DOID:2531	1013	1021
4272834	Disease	DOID:2531	1987	2012
4272834	Disease	DOID:2531	2261	2283
4272834	Disease	DOID:2531	2285	2288
4272834	Disease	DOID:2531	3269	3272
4272834	Disease	DOID:2531	3367	3370
4272834	Compound	DB00158	4204	4210
4272834	Disease	DOID:2531	4306	4319
4272834	Disease	DOID:2531	4354	4357
4272834	Disease	DOID:2531	4420	4423
4272834	Disease	DOID:7148	4617	4619
4272834	Disease	DOID:2531	4793	4796
4272834	Disease	DOID:2531	5135	5138
4272834	Disease	DOID:2531	5190	5193
4272834	Disease	DOID:2355	5254	5260
4272834	Disease	DOID:2531	5365	5368
4272834	Disease	DOID:2355	5566	5572
4272834	Disease	DOID:2531	5605	5608
4272834	Disease	DOID:2531	5651	5654
4272834	Compound	DB04398	6225	6232
4272834	Disease	DOID:2531	6320	6323
4272834	Disease	DOID:2531	6482	6485
4272834	Disease	DOID:2531	6533	6536
4272834	Disease	DOID:2531	6622	6625
4272834	Disease	DOID:2531	6647	6650
4272834	Disease	DOID:2531	7330	7333
4272834	Disease	DOID:2531	7513	7526
4272834	Disease	DOID:2531	7595	7598
4272834	Disease	DOID:10763	7666	7678
4272834	Disease	DOID:2531	7790	7798
4272834	Disease	DOID:2531	7865	7868
4272834	Disease	DOID:3083	7899	7931
4272834	Disease	DOID:2531	8036	8039
4272834	Disease	DOID:2531	8058	8061
4272834	Disease	DOID:2531	8112	8115
4272834	Disease	DOID:2531	8366	8391
4272834	Compound	DB04398	8500	8507
4272834	Disease	DOID:2531	8894	8917
4272834	Compound	DB01592	9177	9181
4272834	Compound	DB01592	9825	9829
4272834	Disease	DOID:2531	10233	10236
4272834	Disease	DOID:7148	10689	10691
4272834	Disease	DOID:7148	10703	10705
4272834	Disease	DOID:7148	10748	10750
4272834	Disease	DOID:7148	11064	11066
4272834	Disease	DOID:2355	11317	11329
4272834	Disease	DOID:2355	11931	11937
4272834	Disease	DOID:2355	11946	11952
4272834	Disease	DOID:2355	11976	11982
4272834	Disease	DOID:2355	12099	12108
4272834	Disease	DOID:2355	12132	12141
4272834	Disease	DOID:2531	12563	12566
4272834	Disease	DOID:7148	15424	15426
4272834	Disease	DOID:2531	16267	16270
4272834	Disease	DOID:2531	17048	17093
4272834	Disease	DOID:2531	17095	17123
4272834	Disease	DOID:2531	17124	17139
4272834	Disease	DOID:2531	17236	17261
4272834	Disease	DOID:2531	17302	17327
4272834	Disease	DOID:2531	17385	17410
4272834	Compound	DB01592	17464	17468
4272834	Disease	DOID:2531	17517	17520
4272834	Disease	DOID:2355	17545	17551
4272834	Disease	DOID:2531	17582	17607
4272834	Disease	DOID:2531	17620	17633
4272834	Disease	DOID:2531	17634	17658
4272834	Disease	DOID:2531	17734	17759
4272834	Disease	DOID:2531	17802	17827
4272834	Disease	DOID:2355	17852	17858
4272834	Disease	DOID:2531	17891	17916
4272834	Disease	DOID:2531	18004	18029
4272834	Disease	DOID:2531	18155	18170
4272834	Compound	DB01592	18229	18233
4272834	Disease	DOID:2531	18247	18272
4272834	Disease	DOID:2531	18322	18354
4272834	Disease	DOID:2531	18491	18494
4272834	Disease	DOID:2355	18499	18514
4272834	Compound	DB01592	18549	18553
4272834	Compound	DB01592	18586	18590
4272834	Disease	DOID:2531	18639	18663
4272834	Compound	DB04398	18716	18723
4272834	Disease	DOID:2531	18778	18803
4272834	Disease	DOID:2531	18882	18907
4272834	Disease	DOID:2531	18956	18981
4272834	Gene	9098	19004	19009
4272834	Gene	3802	19011	19014
4272834	Gene	3040	19016	19020
4272834	Gene	81697	19045	19049
4272834	Gene	55661	19051	19055
4272834	Disease	DOID:2531	19086	19111
4272834	Disease	DOID:2531	19122	19139
4272834	Disease	DOID:2531	19167	19192
4272834	Disease	DOID:2531	19303	19327
4272834	Disease	DOID:2531	19438	19474
4272834	Disease	DOID:2531	19508	19523
4272834	Disease	DOID:2531	19664	19688
4272834	Disease	DOID:2531	19751	19771
4272834	Disease	DOID:2531	19796	19821
4272834	Disease	DOID:2531	19866	19891
4272834	Disease	DOID:2531	19908	19933
4272834	Disease	DOID:2531	19946	19974
4272834	Disease	DOID:2531	20215	20248
4272834	Disease	DOID:2531	20250	20253
4272834	Disease	DOID:2531	20330	20355
4272834	Disease	DOID:2531	20364	20379
4272834	Disease	DOID:2531	20456	20480
4272834	Disease	DOID:2531	20485	20510
4272834	Disease	DOID:2531	20597	20612
4272834	Compound	DB00928	20636	20647
4272834	Disease	DOID:2531	20690	20705
4272834	Disease	DOID:2531	20813	20838
4272835	Disease	DOID:3083	24778	24796
4272836	Disease	DOID:216	789	802
4272836	Disease	DOID:216	1583	1596
4272836	Disease	DOID:824	4167	4180
4272836	Disease	DOID:216	4363	4376
4272836	Disease	DOID:216	4678	4691
4272836	Gene	100508689	5098	5103
4272836	Disease	DOID:216	9142	9155
4272836	Disease	DOID:216	12288	12301
4272836	Disease	DOID:216	12532	12543
4272836	Disease	DOID:216	14240	14253
4272836	Disease	DOID:216	14796	14807
4272836	Disease	DOID:216	15128	15141
4272836	Disease	DOID:216	15339	15352
4272836	Disease	DOID:216	15429	15442
4272836	Disease	DOID:216	15527	15540
4272836	Disease	DOID:216	15866	15879
4272836	Disease	DOID:216	15949	15962
4272836	Disease	DOID:216	16205	16218
4272836	Disease	DOID:216	16573	16586
4272836	Disease	DOID:216	16720	16733
4272838	Gene	9847	26681	26685
4272839	Gene	317	1781	1784
4272839	Gene	317	3623	3626
4272839	Gene	317	4577	4580
4272839	Disease	DOID:7148	5472	5513
4272839	Gene	317	6267	6270
4272839	Gene	317	7717	7720
4272839	Disease	DOID:1936	13782	13797
4272839	Gene	5865	15902	15905
4272839	Gene	317	29224	29227
4272839	Gene	317	29451	29454
4272839	Disease	DOID:8398	32359	32373
4272839	Gene	317	36822	36825
4272840	Disease	DOID:2531	51	67
4272840	Disease	DOID:2531	68	84
4272840	Disease	DOID:2531	212	219
4272840	Disease	DOID:2531	384	400
4272840	Compound	DB01042	484	493
4272840	Compound	DB01041	518	529
4272840	Compound	DB00480	531	543
4272840	Compound	DB08889	580	591
4272840	Disease	DOID:2531	807	823
4272840	Disease	DOID:2531	922	938
4272840	Disease	DOID:2531	1197	1213
4272840	Compound	DB08889	1373	1384
4272840	Compound	DB08910	1386	1398
4272840	Disease	DOID:2531	1518	1535
4272840	Disease	DOID:2531	1886	1893
4272840	Disease	DOID:2531	1991	2008
4272840	Disease	DOID:2531	2052	2069
4272840	Disease	DOID:2531	2284	2301
4272840	Disease	DOID:2531	2372	2392
4272840	Disease	DOID:2531	2445	2462
4272840	Disease	DOID:2531	2663	2670
4272840	Gene	4257	3367	3373
4272840	Gene	4257	3513	3518
4272840	Disease	DOID:2531	3865	3889
4272840	Disease	DOID:2531	4669	4676
4272840	Disease	DOID:2531	4806	4822
4272840	Disease	DOID:2531	5469	5485
4272840	Compound	DB01042	5846	5855
4272840	Compound	DB01042	5919	5928
4272840	Compound	DB00860	5934	5946
4272840	Compound	DB00635	7125	7135
4272840	Compound	DB01041	7617	7649
4272840	Compound	DB01041	7915	7926
4272840	Compound	DB01041	8368	8379
4272840	Compound	DB00531	8478	8494
4272840	Compound	DB01234	8499	8512
4272840	Compound	DB00480	8666	8678
4272840	Compound	DB01041	8745	8756
4272840	Compound	DB00480	8809	8821
4272840	Disease	DOID:2531	8886	8893
4272840	Disease	DOID:2531	8934	8950
4272840	Compound	DB00480	8985	8997
4272840	Compound	DB00480	9038	9050
4272840	Disease	DOID:2531	9104	9120
4272840	Disease	DOID:2531	9436	9443
4272840	Compound	DB00480	9644	9656
4272840	Compound	DB00480	9712	9745
4272840	Compound	DB00480	9758	9770
4272840	Compound	DB00480	10045	10057
4272840	Gene	7597	10297	10300
4272840	Gene	7597	10442	10445
4272840	Gene	7597	10646	10649
4272840	Compound	DB01042	10691	10700
4272840	Compound	DB01041	10720	10731
4272840	Gene	7597	10842	10845
4272840	Disease	DOID:2531	10937	10953
4272840	Disease	DOID:2531	11256	11272
4272840	Compound	DB01041	11290	11301
4272840	Gene	7597	11337	11340
4272840	Gene	7597	11448	11451
4272840	Gene	7597	11478	11481
4272840	Gene	7597	11483	11486
4272840	Compound	DB00480	12271	12283
4272840	Compound	DB00480	12342	12354
4272840	Disease	DOID:2531	12422	12438
4272840	Compound	DB01041	12857	12868
4272840	Compound	DB00480	12938	12950
4272840	Compound	DB00480	13002	13014
4272840	Disease	DOID:2531	13543	13559
4272840	Disease	DOID:2531	13635	13651
4272840	Disease	DOID:2531	13716	13731
4272840	Disease	DOID:2531	13739	13755
4272840	Disease	DOID:2531	13883	13890
4272840	Disease	DOID:2531	13990	13997
4272840	Disease	DOID:2531	14258	14274
4272840	Disease	DOID:2531	14533	14549
4272840	Compound	DB08889	14709	14720
4272840	Compound	DB08910	14722	14734
4272840	Disease	DOID:2531	14902	14918
4272840	Disease	DOID:2531	14951	14967
4272840	Disease	DOID:2531	14968	14984
4272840	Disease	DOID:2531	15018	15034
4272840	Disease	DOID:2531	15124	15131
4272840	Disease	DOID:2531	15165	15181
4272840	Disease	DOID:2531	15196	15211
4272840	Disease	DOID:2531	15246	15262
4272840	Disease	DOID:2531	15375	15382
4272840	Disease	DOID:2531	15401	15416
4272840	Disease	DOID:2531	15459	15474
4272840	Disease	DOID:2531	15567	15574
4272840	Disease	DOID:2531	15647	15654
4272840	Disease	DOID:2531	15744	15760
4272840	Disease	DOID:2531	15798	15813
4272840	Disease	DOID:2531	15859	15875
4272840	Disease	DOID:2531	15939	15955
4272840	Disease	DOID:2531	16015	16031
4272840	Disease	DOID:2531	16062	16069
4272840	Disease	DOID:2531	16128	16144
4272840	Disease	DOID:2531	16216	16231
4272840	Disease	DOID:2531	16282	16289
4272840	Disease	DOID:2531	16324	16340
4272840	Disease	DOID:2531	16410	16426
4272840	Disease	DOID:2531	16476	16492
4272840	Disease	DOID:2531	16542	16558
4272840	Disease	DOID:2531	16559	16566
4272840	Compound	DB01042	16629	16638
4272840	Compound	DB00635	16644	16654
4272840	Disease	DOID:2531	16672	16688
4272840	Compound	DB01042	16746	16755
4272840	Compound	DB00635	16760	16770
4272840	Compound	DB01041	16776	16787
4272840	Compound	DB01042	16795	16804
4272840	Compound	DB00635	16809	16819
4272840	Disease	DOID:2531	16909	16925
4272840	Compound	DB01042	16970	16979
4272840	Compound	DB00635	16984	16994
4272840	Compound	DB01041	17000	17011
4272840	Disease	DOID:2531	17065	17081
4272840	Compound	DB01041	17110	17121
4272840	Compound	DB01042	17130	17139
4272840	Compound	DB00635	17140	17150
4272840	Disease	DOID:2531	17168	17184
4272840	Disease	DOID:2531	17265	17272
4272840	Compound	DB01042	17285	17294
4272840	Compound	DB00635	17299	17309
4272840	Compound	DB01041	17315	17326
4272840	Disease	DOID:2531	17363	17379
4272840	Compound	DB01041	17412	17423
4272840	Compound	DB01042	17433	17442
4272840	Compound	DB00635	17448	17458
4272840	Disease	DOID:2531	17500	17516
4272840	Compound	DB01042	17542	17551
4272840	Compound	DB00635	17553	17563
4272840	Compound	DB01041	17569	17580
4272840	Disease	DOID:2531	17606	17622
4272840	Compound	DB01041	17682	17693
4272840	Disease	DOID:2531	17721	17728
4272840	Compound	DB00531	17813	17829
4272840	Compound	DB01041	17831	17842
4272840	Disease	DOID:2531	17904	17920
4272840	Compound	DB00480	17963	17975
4272840	Compound	DB00480	18012	18024
4272840	Compound	DB01234	18039	18052
4272840	Disease	DOID:2531	18092	18108
4272840	Compound	DB00480	18168	18180
4272840	Disease	DOID:2531	18211	18227
4272840	Disease	DOID:2531	18282	18298
4272840	Compound	DB01042	18315	18324
4272840	Compound	DB00635	18329	18339
4272840	Disease	DOID:2531	18365	18381
4272840	Compound	DB01042	18398	18407
4272840	Compound	DB00635	18412	18422
4272840	Compound	DB01042	18437	18446
4272840	Compound	DB00635	18451	18461
4272840	Disease	DOID:2531	18496	18503
4272840	Compound	DB01042	18592	18601
4272840	Compound	DB00635	18607	18617
4272840	Compound	DB01041	18638	18649
4272840	Compound	DB00635	18655	18665
4272840	Compound	DB01041	18741	18752
4272840	Compound	DB00635	18775	18785
4272840	Disease	DOID:2531	18821	18837
4272840	Disease	DOID:2531	19025	19041
4272840	Disease	DOID:2531	19123	19139
4272840	Disease	DOID:2531	19202	19209
4272841	Gene	4598	812	815
4272841	Gene	9230	3250	3254
4272842	Compound	DB00882	3581	3599
4272842	Compound	DB01006	3625	3634
4272842	Compound	DB00783	4204	4213
4272842	Compound	DB00396	4218	4230
4272844	Compound	DB09152	712	713
4272844	Gene	4363	815	818
4272844	Gene	4363	908	911
4272844	Gene	4363	1029	1032
4272844	Gene	4363	1201	1204
4272844	Gene	4363	1353	1356
4272844	Gene	4363	1475	1478
4272844	Gene	4363	1592	1595
4272844	Compound	DB09152	4879	4880
4272844	Gene	4363	4978	4981
4272844	Gene	4363	5148	5151
4272844	Gene	4363	5320	5323
4272844	Gene	4363	5492	5495
4272844	Gene	4363	5644	5647
4272844	Gene	4363	5788	5791
4272844	Gene	4363	6009	6012
4272844	Gene	4363	6159	6162
4272844	Gene	4363	6428	6431
4272844	Gene	4363	6458	6461
4272844	Gene	4363	6593	6596
4272844	Gene	4363	6642	6645
4272844	Gene	4363	6765	6768
4272844	Gene	4363	6918	6921
4272844	Gene	4363	6974	6977
4272844	Gene	4363	7102	7105
4272844	Gene	4363	7244	7247
4272844	Gene	4363	7315	7318
4272844	Gene	4363	7438	7441
4272844	Gene	4363	7587	7590
4272844	Gene	4363	8969	8972
4272844	Gene	4363	9033	9036
4272844	Gene	4363	9129	9132
4272844	Gene	4363	9204	9207
4272844	Gene	4363	9438	9441
4272844	Gene	4363	9468	9471
4272844	Gene	4363	9552	9555
4272844	Gene	4363	9640	9643
4272844	Gene	4363	9931	9934
4272844	Gene	4363	9969	9972
4272844	Gene	4363	10268	10271
4272844	Gene	4363	10796	10799
4272845	Disease	DOID:784	222	299
4272845	Disease	DOID:784	1778	1799
4272845	Disease	DOID:784	2031	2052
4272845	Disease	DOID:784	3208	3229
4272845	Disease	DOID:1595	3355	3365
4272845	Disease	DOID:784	5092	5114
4272845	Compound	DB03904	8315	8319
4272845	Compound	DB03904	8670	8674
4272845	Disease	DOID:10763	12090	12102
4272845	Disease	DOID:784	13657	13678
4272845	Disease	DOID:784	14019	14040
4272845	Disease	DOID:10763	14235	14247
4272845	Disease	DOID:10763	14476	14488
4272846	Disease	DOID:2531	6177	6194
4272846	Gene	3055	8039	8042
4272846	Disease	DOID:14330	8754	8774
4272846	Disease	DOID:14330	9650	9670
4272846	Disease	DOID:7148	11722	11759
4272846	Disease	DOID:7147	11764	11786
4272846	Disease	DOID:184	13035	13054
4272846	Disease	DOID:184	13126	13142
4272846	Disease	DOID:184	13613	13626
4272846	Disease	DOID:7147	16840	16862
4272846	Disease	DOID:7147	17876	17898
4272846	Disease	DOID:184	18080	18093
4272847	Disease	DOID:3083	24	61
4272847	Disease	DOID:3083	166	203
4272847	Disease	DOID:3083	300	337
4272847	Disease	DOID:3083	1526	1563
4272847	Disease	DOID:2841	3208	3214
4272847	Disease	DOID:3083	3997	4034
4272847	Compound	DB00184	5519	5527
4272847	Compound	DB00184	5717	5725
4272847	Disease	DOID:10763	7983	7995
4272847	Disease	DOID:10763	8161	8173
4272847	Disease	DOID:3083	17830	17862
4272847	Disease	DOID:3083	17978	18015
4272847	Compound	DB00184	18405	18413
4272847	Disease	DOID:3083	18889	18926
4272847	Disease	DOID:3083	19138	19150
4272847	Disease	DOID:3083	19224	19261
4272847	Disease	DOID:9352	19551	19576
4272847	Disease	DOID:3083	19634	19671
4272847	Disease	DOID:3083	19760	19797
